match_id,ref_over25,ref_under25,pin_over25,pin_under25,pin_over25_american,pin_under25_american,pin_h,pin_d,pin_a,pin_h_american,pin_d_american,pin_a_american,pin_ah_line,pin_ahh,pin_aha,pin_ahh_american,pin_aha_american,pin_tt_home_line,pin_tt_home_over,pin_tt_home_under,pin_tt_home_over_american,pin_tt_home_under_american,pin_tt_away_line,pin_tt_away_over,pin_tt_away_under,pin_tt_away_over_american,pin_tt_away_under_american,pin_matchup_id
20260828_Lille_ParisSaint-Germain,1.7634,2.13,1.7634,2.13,-131.0,113.0,4.6,4.0,1.7576,360.0,300.0,-132.0,0.5,2.17,1.7576,117.0,-132.0,0.5,1.4695,2.75,-213.0,175.0,1.5,1.7812,2.08,-128.0,108.0,1634031224.0
20260829_Strasbourg_Lens,1.6897,2.26,1.6897,2.26,-145.0,126.0,3.64,3.42,2.14,264.0,242.0,114.0,0.25,2.07,1.8475,107.0,-118.0,1.5,2.58,1.5236,158.0,-191.0,2.5,3.76,1.266,276.0,-376.0,1634112812.0
20260829_Auxerre_Angers,2.12,1.7752,2.12,1.7752,112.0,-129.0,1.9524,3.53,4.17,-105.0,253.0,317.0,-0.25,1.6897,2.29,-145.0,129.0,1.5,2.12,1.7519,112.0,-133.0,0.5,1.5319,2.53,-188.0,153.0,1634112960.0
20260829_Brest_Toulouse,2.01,1.8772,2.01,1.8772,101.0,-114.0,2.71,3.42,2.69,171.0,242.0,169.0,-0.25,2.33,1.6667,133.0,-150.0,1.5,2.58,1.5236,158.0,-191.0,1.5,2.56,1.5236,156.0,-191.0,1634107490.0
20260829_Lorient_Troyes,2.07,1.8333,2.07,1.8333,107.0,-120.0,1.8772,3.63,4.41,-114.0,263.0,341.0,-0.5,1.885,2.03,-113.0,103.0,1.5,2.02,1.8264,102.0,-121.0,0.5,1.5464,2.49,-183.0,149.0,1634112961.0
20260829_Lyon_LeHavre,1.7752,2.11,1.7752,2.11,-129.0,111.0,1.5,4.54,6.62,-200.0,354.0,562.0,-1.0,1.8197,2.11,-122.0,111.0,1.5,1.5882,2.41,-170.0,141.0,0.5,1.6944,2.19,-144.0,119.0,1634112877.0
20260830_ParisFC_Nice,2.15,1.7634,2.15,1.7634,115.0,-131.0,2.12,3.39,3.75,112.0,239.0,275.0,-0.25,1.8264,2.1,-121.0,110.0,1.5,2.24,1.6711,124.0,-149.0,0.5,1.4785,2.69,-209.0,169.0,1634164706.0
20260830_Rennes_LeMans,1.5618,2.52,1.5618,2.52,-178.0,152.0,1.4464,5.0,6.81,-224.0,400.0,581.0,-1.5,2.22,1.7299,122.0,-137.0,2.5,2.45,1.5747,145.0,-174.0,0.5,1.5714,2.43,-175.0,143.0,1634164174.0
20260830_Monaco_Marseille,1.5988,2.41,1.5988,2.41,-167.0,141.0,2.64,3.71,2.56,164.0,271.0,156.0,0.25,1.7042,2.24,-142.0,124.0,1.5,2.13,1.7299,113.0,-137.0,1.5,2.04,1.7937,104.0,-126.0,1634172505.0
