match_id,actual_home,actual_away,league,home_team,away_team,notes
20260815_Genk_Westerlo,3.0,2.0,Belgium,Genk,Westerlo,
20260815_Kortrijk_RoyalAntwerp,0.0,3.0,Belgium,Kortrijk,Royal Antwerp,
20260815_St.Gilloise_Waregem,0.0,0.0,Belgium,St. Gilloise,Waregem,
20260815_Bolton_Preston,2.0,1.0,Championship,Bolton,Preston,
20260815_BristolCity_Millwall,0.0,2.0,Championship,Bristol City,Millwall,
20260815_Charlton_Derby,2.0,1.0,Championship,Charlton,Derby,
20260815_Middlesbrough_Lincoln,2.0,1.0,Championship,Middlesbrough,Lincoln,
20260815_Norwich_WestBrom,1.0,2.0,Championship,Norwich,West Brom,
20260815_Portsmouth_QPR,1.0,3.0,Championship,Portsmouth,QPR,
20260815_SheffieldUnited_Birmingham,0.0,0.0,Championship,Sheffield United,Birmingham,
20260815_Stoke_Swansea,1.0,2.0,Championship,Stoke,Swansea,
20260815_Excelsior_PSVEindhoven,1.0,2.0,Eredivisie,Excelsior,PSV Eindhoven,
20260815_FortunaSittard_Cambuur,3.0,1.0,Eredivisie,Fortuna Sittard,Cambuur,
20260815_Utrecht_AZAlkmaar,1.0,4.0,Eredivisie,Utrecht,AZ Alkmaar,
20260815_AcademicoViseu_SantaClara,0.0,1.0,PrimeiraLiga,Academico Viseu,Santa Clara,
20260815_Gaziantep_Alanyaspor,1.0,1.0,Turkey,Gaziantep,Alanyaspor,
20260815_Genclerbirligi_Fenerbahce,2.0,1.0,Turkey,Genclerbirligi,Fenerbahce,
20260815_Kasimpasa_Trabzonspor,1.0,1.0,Turkey,Kasimpasa,Trabzonspor,
20260815_Konyaspor_Rizespor,0.0,1.0,Turkey,Konyaspor,Rizespor,
20260816_Beveren_Anderlecht,1.0,0.0,Belgium,Beveren,Anderlecht,
20260816_Lommel_Charleroi,0.0,1.0,Belgium,Lommel,Charleroi,
20260816_Mechelen_StandardLiege,3.0,3.0,Belgium,Mechelen,Standard Liege,
20260816_RAALLaLouviere_Gent,1.0,2.0,Belgium,RAAL La Louviere,Gent,
20260816_Burnley_WestHam,2.0,2.0,Championship,Burnley,West Ham,
20260816_Watford_Southampton,2.0,1.0,Championship,Watford,Southampton,
20260816_ADODenHaag_Groningen,1.0,4.0,Eredivisie,ADO Den Haag,Groningen,
20260816_Twente_PECZwolle,3.0,1.0,Eredivisie,Twente,PEC Zwolle,
20260816_Arouca_Moreirense,4.0,0.0,PrimeiraLiga,Arouca,Moreirense,
20260816_Famalicao_Maritimo,1.0,2.0,PrimeiraLiga,Famalicao,Maritimo,
20260816_Nacional_Estoril,2.0,0.0,PrimeiraLiga,Nacional,Estoril,
20260816_Amedspor_Erzurumspor,3.0,0.0,Turkey,Amedspor,Erzurumspor,
20260816_Besiktas_Eyupspor,1.0,0.0,Turkey,Besiktas,Eyupspor,
20260816_Buyuksehyr_Kocaelispor,2.0,0.0,Turkey,Buyuksehyr,Kocaelispor,
20260817_Cardiff_Wrexham,1.0,1.0,Championship,Cardiff,Wrexham,
20260817_Dep.ACoruna_Elche,1.0,1.0,LaLiga,Dep. A Coruna,Elche,
20260817_DeportivoLaCoruna_Elche,1.0,1.0,LaLiga,Deportivo La Coruna,Elche,
20260817_CasaPia_Benfica,0.0,7.0,PrimeiraLiga,Casa Pia,Benfica,
20260817_Samsunspor_Goztep,3.0,3.0,Turkey,Samsunspor,Goztep,
20260819_Atl.Madrid_Malaga,2.0,0.0,LaLiga,Atl. Madrid,Malaga,
20260819_AtleticoMadrid_Malaga,2.0,0.0,LaLiga,Atletico Madrid,Malaga,
20260820_RayoVallecano_Alaves,1.0,1.0,LaLiga,Rayo Vallecano,Alaves,
20260821_Arsenal_Coventry,3.0,0.0,EPL,Arsenal,Coventry,
20260821_RealBetis_RealSociedad,1.0,0.0,LaLiga,Real Betis,Real Sociedad,
20260821_Marseille_Strasbourg,4.0,0.0,Ligue1,Marseille,Strasbourg,
20260822_Brentford_Tottenham,3.0,0.0,EPL,Brentford,Tottenham,
20260822_Everton_CrystalPalace,2.0,0.0,EPL,Everton,Crystal Palace,
20260822_Hull_ManchesterUnited,2.0,0.0,EPL,Hull,Manchester United,
20260822_Ipswich_Sunderland,2.0,1.0,EPL,Ipswich,Sunderland,
20260822_NottinghamForest_Leeds,0.0,1.0,EPL,Nottingham Forest,Leeds,
20260822_AthleticClub_Sevilla,1.0,3.0,LaLiga,Athletic Club,Sevilla,
20260822_Espanyol_RealMadrid,1.0,2.0,LaLiga,Espanyol,Real Madrid,
20260822_Valencia_CeltaVigo,0.0,0.0,LaLiga,Valencia,Celta Vigo,
20260822_LeMans_Brest,2.0,2.0,Ligue1,Le Mans,Brest,
20260822_Lens_Auxerre,5.0,2.0,Ligue1,Lens,Auxerre,
20260822_Nice_Lorient,0.0,0.0,Ligue1,Nice,Lorient,
20260822_Toulouse_Lyon,0.0,2.0,Ligue1,Toulouse,Lyon,
20260822_Troyes_ParisFC,0.0,0.0,Ligue1,Troyes,Paris FC,
20260822_Genoa_Napoli,0.0,2.0,SerieA,Genoa,Napoli,
20260822_Inter_Monza,4.0,1.0,SerieA,Inter,Monza,
20260822_Parma_Cagliari,0.0,1.0,SerieA,Parma,Cagliari,
20260822_Udinese_Como,1.0,1.0,SerieA,Udinese,Como,
20260823_Brighton_AstonVilla,4.0,0.0,EPL,Brighton,Aston Villa,
20260823_ManchesterCity_Bournemouth,2.0,1.0,EPL,Manchester City,Bournemouth,
20260823_Newcastle_Liverpool,2.0,2.0,EPL,Newcastle,Liverpool,
20260823_AtleticoMadrid_Villarreal,2.0,2.0,LaLiga,Atletico Madrid,Villarreal,
20260823_Elche_Barcelona,0.0,5.0,LaLiga,Elche,Barcelona,
20260823_Getafe_RacingSantander,1.0,0.0,LaLiga,Getafe,Racing Santander,
20260823_Angers_Lille,0.0,2.0,Ligue1,Angers,Lille,
20260823_LeHavre_Monaco,0.0,1.0,Ligue1,Le Havre,Monaco,
20260823_ParisSaint-Germain_Rennes,0.0,0.0,Ligue1,Paris Saint-Germain,Rennes,
20260823_Atalanta_Sassuolo,2.0,1.0,SerieA,Atalanta,Sassuolo,
20260823_Frosinone_Juventus,0.0,1.0,SerieA,Frosinone,Juventus,
20260823_Torino_ACMilan,1.0,2.0,SerieA,Torino,AC Milan,
20260823_Venezia_Lecce,0.0,2.0,SerieA,Venezia,Lecce,
20260814_CercleBrugge_SintTruidense,3.0,3.0,Belgium,Cercle Brugge,Sint Truidense,
20260815_Genk_KVCWesterlo,3.0,2.0,Belgium,Genk,KVC Westerlo,
20260815_KVKortrijk_RoyalAntwerp,0.0,3.0,Belgium,KV Kortrijk,Royal Antwerp,
20260815_Oud-HeverleeLeuven_ClubBrugge,0.0,3.0,Belgium,Oud-Heverlee Leuven,Club Brugge,
20260815_UnionSaint-Gilloise_ZulteWaregem,0.0,0.0,Belgium,Union Saint-Gilloise,Zulte Waregem,
20260814_Wolves_Blackburn,2.0,2.0,Championship,Wolves,Blackburn,Jimenez 90+3 pen
20260814_Telstar_SpartaRotterdam,1.0,3.0,Eredivisie,Telstar,Sparta Rotterdam,
20260815_Excelsior_PSV,1.0,2.0,Eredivisie,Excelsior,PSV,
20260815_WillemII_NECNijmegen,1.0,4.0,Eredivisie,Willem II,NEC Nijmegen,
20260816_Ajax_Heerenveen,2.0,2.0,Eredivisie,Ajax,Heerenveen,Ajax blew 2-0
20260816_Feyenoord_GoAheadEagles,2.0,2.0,Eredivisie,Feyenoord,Go Ahead Eagles,Feyenoord blew 2-goal lead
20260815_Alaves_Getafe,3.0,0.0,LaLiga,Alaves,Getafe,Getafe red 42'; late 3-0
20260815_Sevilla_RayoVallecano,2.0,1.0,LaLiga,Sevilla,Rayo Vallecano,Two Sevilla pens; 97' winner
20260816_Espanyol_Levante,3.0,0.0,LaLiga,Espanyol,Levante,
20260816_RacingSantander_Villarreal,2.0,2.0,LaLiga,Racing Santander,Villarreal,Racing blew 2-0 lead
20260815_OrlandoCity_FCCincinnati,1.0,1.0,MLS,Orlando City,FC Cincinnati,
20260816_LosAngelesFC_SanDiegoFC,0.0,1.0,MLS,Los Angeles FC,San Diego FC,
20260816_NashvilleSC_InterMiami,4.0,1.0,MLS,Nashville SC,Inter Miami,
20260814_SportingCP_VitoriaGuimaraes,3.0,2.0,PrimeiraLiga,Sporting CP,Vitoria Guimaraes,First Sporting league win; blew 3-0 HT lead
20260815_AcademicodeViseu_SantaClara,0.0,1.0,PrimeiraLiga,Academico de Viseu,Santa Clara,
20260815_Alverca_EstreladaAmadora,2.0,2.0,PrimeiraLiga,Alverca,Estrela da Amadora,
20260815_RioAve_Porto,0.0,2.0,PrimeiraLiga,Rio Ave,Porto,Porto 2/2; Perez + Sainz
20260816_Braga_GilVicente,,,PrimeiraLiga,Braga,Gil Vicente,POSTPONED
20260816_NacionaldaMadeira_Estoril,0.0,0.0,PrimeiraLiga,Nacional da Madeira,Estoril,
