play_id,recorded_at,tier,league,match_id,date,kickoff_local,match,side,team,tt_line,tt_lean,tt_proj,tt_p_over,tt_p_under,tt_pin_over,tt_pin_under,tt_edge_over_pp,tt_edge_under_pp,tt_lean_pp,tt_vs_pin,pin_odds,why,data_grade,stake_u,status,actual_home,actual_away,actual_team_goals,won,profit_u,settled_at,settle_note
20260822_NewYorkRedBulls_ChicagoFire|away|1.5|UNDER,2026-08-21T15:36:04.716644+00:00,TRACK,MLS,20260822_NewYorkRedBulls_ChicagoFire,2026-08-22,Sat 22 Aug 18:30,New York Red Bulls vs Chicago Fire,away,Chicago Fire,1.5,UNDER,1.4,0.4082,0.5918,1.741,2.11,-14.3,14.3,14.3,U+14.3pp,2.11,proj 1.4 goals · line 1.5 · model O/U 41/59% · U+14.3pp · high total · GF 1.4+1.8 · form 1.4/1.8 ppg · leaky def,C,1.0,open,,,,,,,
20260822_Wrexham_Watford|home|1.5|OVER,2026-08-21T15:36:04.716761+00:00,TRACK,Championship,20260822_Wrexham_Watford,2026-08-22,Sat 22 Aug 09:00,Wrexham vs Watford,home,Wrexham,1.5,OVER,2.08,0.6152,0.3848,2.01,1.833,14.0,-14.0,14.0,O+14.0pp,2.01,proj 2.08 goals · line 1.5 · model O/U 62/38% · O+14.0pp · high total · GF 1.2+0.2 · form 1.4/0.0 ppg · leaky def · weak O/U hist,C,1.0,open,,,,,,,
20260822_Derby_Cardiff|home|1.5|OVER,2026-08-21T15:36:04.716844+00:00,TRACK,Championship,20260822_Derby_Cardiff,2026-08-22,Sat 22 Aug 09:00,Derby vs Cardiff,home,Derby,1.5,OVER,2.01,0.5967,0.4033,2.07,1.781,13.7,-13.7,13.7,O+13.7pp,2.07,proj 2.01 goals · line 1.5 · model O/U 60/40% · O+13.7pp · GF 1.4+0.6 · form 1.2/0.4 ppg · leaky def · weak O/U hist,C,1.0,open,,,,,,,
20260822_FortunaSittard_AZAlkmaar|away|2.5|UNDER,2026-08-21T15:36:04.716914+00:00,TRACK,Eredivisie,20260822_FortunaSittard_AZAlkmaar,2026-08-22,Sat 22 Aug 09:30,Fortuna Sittard vs AZ Alkmaar,away,AZ Alkmaar,2.5,UNDER,1.64,0.227,0.773,2.57,1.518,-13.5,13.5,13.5,U+13.5pp,1.518,proj 1.64 goals · line 2.5 · model O/U 23/77% · U+13.5pp · GF 1.4+1.6 · form 0.8/1.4 ppg,B,1.0,open,,,,,,,
20260821_StandardLiege_RAALLaLouviere|home|1.5|UNDER,2026-08-21T15:36:04.716980+00:00,TRACK,Belgium,20260821_StandardLiege_RAALLaLouviere,2026-08-21,Fri 21 Aug 13:45,Standard Liege vs RAAL La Louviere,home,Standard Liege,1.5,UNDER,1.15,0.3192,0.6808,2.17,1.73,-12.1,12.1,12.1,U+12.1pp,1.73,proj 1.15 goals · line 1.5 · model O/U 32/68% · U+12.1pp · low total · score-adj -0.10 · GF 1.2+1.0 · form 1.6/0.6 ppg · weak O/U hist,B,1.0,open,,,,,,,
20260822_SportingLisbon_Alverca|home|3.5|OVER,2026-08-21T15:36:04.717045+00:00,TRACK,PrimeiraLiga,20260822_SportingLisbon_Alverca,2026-08-22,Sat 22 Aug 14:30,Sporting Lisbon vs Alverca,home,Sporting Lisbon,3.5,OVER,3.07,0.3684,0.6316,3.46,1.288,12.1,-12.1,12.1,O+12.1pp,3.46,proj 3.07 goals · line 3.5 · model O/U 37/63% · O+12.1pp · high total · GF 2.7+0.7 · Elo H+349 · form 2.2/0.8 ppg,B,1.0,open,,,,,,,
20260822_Hull_ManchesterUnited|home|0.5|UNDER,2026-08-21T15:36:04.717095+00:00,TRACK,EPL,20260822_Hull_ManchesterUnited,2026-08-22,Sat 22 Aug 06:30,Hull vs Manchester United,home,Hull,0.5,UNDER,0.54,0.4173,0.5827,1.8,2.05,-11.7,11.7,11.7,U+11.7pp,2.05,proj 0.54 goals · line 0.5 · model O/U 42/58% · U+11.7pp · xG 1.0+2.0 · Elo A-243 · form 0.8/2.6 ppg,A,1.0,settled,2.0,0.0,2.0,0.0,-1.0,2026-08-24T15:18:19.296411+00:00,lose
20260822_Fenerbahce_Konyaspor|away|0.5|OVER,2026-08-21T15:36:04.717134+00:00,TRACK,Turkey,20260822_Fenerbahce_Konyaspor,2026-08-22,Sat 22 Aug 13:30,Fenerbahce vs Konyaspor,away,Konyaspor,0.5,OVER,1.06,0.6535,0.3465,1.769,2.07,11.2,-11.2,11.2,O+11.2pp,1.769,proj 1.06 goals · line 0.5 · model O/U 65/35% · O+11.2pp · high total · GF 2.2+1.4 · form 1.6/1.2 ppg · leaky def,B,1.0,open,,,,,,,
20260822_Lincoln_Portsmouth|home|1.5|OVER,2026-08-21T15:36:04.717172+00:00,TRACK,Championship,20260822_Lincoln_Portsmouth,2026-08-22,Sat 22 Aug 06:30,Lincoln vs Portsmouth,home,Lincoln,1.5,OVER,1.69,0.5036,0.4964,2.4,1.595,11.1,-11.1,11.1,O+11.1pp,2.4,proj 1.69 goals · line 1.5 · model O/U 50/50% · O+11.1pp · GF —+1.6 · form —/2.0 ppg · weak O/U hist,C,1.0,open,,,,,,,
20260822_Heerenveen_PECZwolle|home|2.5|UNDER,2026-08-21T15:36:04.717209+00:00,TRACK,Eredivisie,20260822_Heerenveen_PECZwolle,2026-08-22,Sat 22 Aug 14:00,Heerenveen vs PEC Zwolle,home,Heerenveen,2.5,UNDER,1.8,0.2694,0.7306,2.46,1.562,-11.1,11.1,11.1,U+11.1pp,1.562,proj 1.8 goals · line 2.5 · model O/U 27/73% · U+11.1pp · GF 1.0+0.8 · form 2.0/0.6 ppg · leaky def,B,1.0,open,,,,,,,
20260822_QPR_Bolton|home|2.5|OVER,2026-08-21T15:36:04.717249+00:00,TRACK,Championship,20260822_QPR_Bolton,2026-08-22,Sat 22 Aug 09:00,QPR vs Bolton,home,QPR,2.5,OVER,1.98,0.3179,0.6821,4.06,1.236,10.8,-10.8,10.8,O+10.8pp,4.06,proj 1.98 goals · line 2.5 · model O/U 32/68% · O+10.8pp · GF 0.6+— · form 0.2/— ppg · weak O/U hist,C,1.0,open,,,,,,,
20260822_Parma_Cagliari|away|0.5|OVER,2026-08-21T15:36:04.717288+00:00,TRACK,SerieA,20260822_Parma_Cagliari,2026-08-22,Sat 22 Aug 13:45,Parma vs Cagliari,away,Cagliari,0.5,OVER,1.42,0.7583,0.2417,1.49,2.68,10.6,-10.6,10.6,O+10.6pp,1.49,proj 1.42 goals · line 0.5 · model O/U 76/24% · O+10.6pp · score-adj -0.15 · xG 0.7+1.3 · form 1.2/1.4 ppg · weak O/U hist,A,1.0,settled,0.0,1.0,1.0,1.0,0.49,2026-08-24T15:18:19.296773+00:00,win
20260822_CaykurRizespor_Samsunspor|away|1.5|OVER,2026-08-21T15:36:04.717327+00:00,TRACK,Turkey,20260822_CaykurRizespor_Samsunspor,2026-08-22,Sat 22 Aug 11:00,Caykur Rizespor vs Samsunspor,away,Samsunspor,1.5,OVER,1.47,0.4321,0.5679,2.82,1.442,10.5,-10.5,10.5,O+10.5pp,2.82,proj 1.47 goals · line 1.5 · model O/U 43/57% · O+10.5pp · GF —+2.4 · form —/2.4 ppg,B,1.0,open,,,,,,,
20260822_Valencia_CeltaVigo|home|1.5|OVER,2026-08-21T15:36:04.717369+00:00,TRACK,LaLiga,20260822_Valencia_CeltaVigo,2026-08-22,Sat 22 Aug 12:30,Valencia vs Celta Vigo,home,Valencia,1.5,OVER,1.56,0.4621,0.5379,2.62,1.513,10.5,-10.5,10.5,O+10.5pp,2.62,proj 1.56 goals · line 1.5 · model O/U 46/54% · O+10.5pp · xG 1.5+1.2 · form 2.0/1.4 ppg · leaky def,A,1.0,settled,0.0,0.0,0.0,0.0,-1.0,2026-08-24T15:18:19.297387+00:00,lose
20260822_Udinese_Como|away|1.5|OVER,2026-08-21T15:36:04.717406+00:00,TRACK,SerieA,20260822_Udinese_Como,2026-08-22,Sat 22 Aug 11:30,Udinese vs Como,away,Como,1.5,OVER,1.87,0.5577,0.4423,2.08,1.781,9.9,-9.9,9.9,O+9.9pp,2.08,proj 1.87 goals · line 1.5 · model O/U 56/44% · O+9.9pp · score-adj -0.15 · xG 1.4+1.8 · Elo A-107 · form 1.4/2.0 ppg · tight def · weak O,A,1.0,settled,1.0,1.0,1.0,0.0,-1.0,2026-08-24T15:18:19.297650+00:00,lose
20260822_Parma_Cagliari|home|1.5|OVER,2026-08-21T15:36:04.717443+00:00,TRACK,SerieA,20260822_Parma_Cagliari,2026-08-22,Sat 22 Aug 13:45,Parma vs Cagliari,home,Parma,1.5,OVER,1.42,0.4151,0.5849,2.92,1.427,9.8,-9.8,9.8,O+9.8pp,2.92,proj 1.42 goals · line 1.5 · model O/U 42/58% · O+9.8pp · score-adj -0.15 · xG 0.7+1.3 · form 1.2/1.4 ppg · weak O/U hist,A,1.0,settled,0.0,1.0,0.0,0.0,-1.0,2026-08-24T15:18:19.298067+00:00,lose
20260822_Espanyol_RealMadrid|home|0.5|OVER,2026-08-21T15:36:04.717480+00:00,TRACK,LaLiga,20260822_Espanyol_RealMadrid,2026-08-22,Sat 22 Aug 14:30,Espanyol vs Real Madrid,home,Espanyol,0.5,OVER,1.08,0.6604,0.3396,1.709,2.18,9.6,-9.6,9.6,O+9.6pp,1.709,proj 1.08 goals · line 0.5 · model O/U 66/34% · O+9.6pp · high total · xG 1.2+1.5 · Elo A-280 · form 1.4/2.0 ppg · leaky def,A,1.0,settled,1.0,2.0,1.0,1.0,0.709,2026-08-24T15:18:19.298374+00:00,win
20260822_CFMontreal_LAGalaxy|home|2.5|UNDER,2026-08-21T15:36:04.717516+00:00,TRACK,MLS,20260822_CFMontreal_LAGalaxy,2026-08-22,Sat 22 Aug 18:30,CF Montreal vs LA Galaxy,home,CF Montreal,2.5,UNDER,1.24,0.1293,0.8707,3.79,1.256,-9.6,9.6,9.6,U+9.6pp,1.256,proj 1.24 goals · line 2.5 · model O/U 13/87% · U+9.6pp · GF 1.2+0.6 · form 0.6/0.6 ppg,C,1.0,open,,,,,,,
20260822_CaykurRizespor_Samsunspor|home|1.5|UNDER,2026-08-21T15:36:04.717552+00:00,TRACK,Turkey,20260822_CaykurRizespor_Samsunspor,2026-08-22,Sat 22 Aug 11:00,Caykur Rizespor vs Samsunspor,home,Caykur Rizespor,1.5,UNDER,1.29,0.3696,0.6304,2.05,1.787,-9.4,9.4,9.4,U+9.4pp,1.787,proj 1.29 goals · line 1.5 · model O/U 37/63% · U+9.4pp · GF —+2.4 · form —/2.4 ppg,B,1.0,open,,,,,,,
20260823_SanDiegoFC_ColoradoRapids|home|1.5|OVER,2026-08-21T15:36:04.717590+00:00,TRACK,MLS,20260823_SanDiegoFC_ColoradoRapids,2026-08-23,Sat 22 Aug 21:30,San Diego FC vs Colorado Rapids,home,San Diego FC,1.5,OVER,2.2,0.6454,0.3546,1.741,2.11,9.4,-9.4,9.4,O+9.4pp,1.741,proj 2.2 goals · line 1.5 · model O/U 65/35% · O+9.4pp · high total · GF 1.4+0.8 · form 1.0/1.2 ppg,C,1.0,open,,,,,,,
20260822_Inter_Monza|home|2.5|OVER,2026-08-21T15:36:04.717625+00:00,CONFLICT_WATCH,SerieA,20260822_Inter_Monza,2026-08-22,Sat 22 Aug 11:30,Inter vs Monza,home,Inter,2.5,OVER,3.41,0.6622,0.3378,2.14,1.719,22.1,-22.1,22.1,O+22.1pp,2.14,proj 3.41 goals · line 2.5 · model O/U 66/34% · O+22.1pp · high total · score-adj -0.15 · xG 2.1+0.9 · Elo H+412 · form 2.2/0.6 ppg · leaky,A,1.0,settled,4.0,1.0,4.0,1.0,1.14,2026-08-24T15:18:19.298832+00:00,win
20260822_WestHam_Charlton|home|2.5|UNDER,2026-08-21T15:36:04.717662+00:00,CONFLICT_WATCH,Championship,20260822_WestHam_Charlton,2026-08-22,Sat 22 Aug 09:00,West Ham vs Charlton,home,West Ham,2.5,UNDER,1.49,0.1886,0.8114,2.47,1.568,-19.3,19.3,19.3,U+19.3pp,1.568,proj 1.49 goals · line 2.5 · model O/U 19/81% · U+19.3pp · GF —+1.2 · form —/0.8 ppg · weak O/U hist,C,1.0,open,,,,,,,
20260822_Ipswich_Sunderland|away|1.5|OVER,2026-08-21T15:36:04.717697+00:00,CONFLICT_WATCH,EPL,20260822_Ipswich_Sunderland,2026-08-22,Sat 22 Aug 09:00,Ipswich vs Sunderland,away,Sunderland,1.5,OVER,1.8,0.5372,0.4628,2.64,1.502,18.4,-18.4,18.4,O+18.4pp,2.64,proj 1.8 goals · line 1.5 · model O/U 54/46% · O+18.4pp · xG 0.9+1.2 · Elo A-84 · form 0.2/1.0 ppg · leaky def,A,1.0,settled,2.0,1.0,1.0,0.0,-1.0,2026-08-24T15:18:19.299137+00:00,lose
20260822_NottinghamForest_Leeds|away|1.5|OVER,2026-08-21T15:36:04.717733+00:00,CONFLICT_WATCH,EPL,20260822_NottinghamForest_Leeds,2026-08-22,Sat 22 Aug 09:00,Nottingham Forest vs Leeds,away,Leeds,1.5,OVER,1.69,0.5036,0.4964,2.89,1.435,18.3,-18.3,18.3,O+18.3pp,2.89,proj 1.69 goals · line 1.5 · model O/U 50/50% · O+18.3pp · high total · xG 1.6+1.6 · form 2.0/2.2 ppg · leaky def,A,1.0,settled,0.0,1.0,1.0,0.0,-1.0,2026-08-24T15:18:19.299370+00:00,lose
20260822_Nice_Lorient|home|1.5|OVER,2026-08-21T15:36:04.717769+00:00,CONFLICT_WATCH,Ligue1,20260822_Nice_Lorient,2026-08-22,Sat 22 Aug 13:45,Nice vs Lorient,home,Nice,1.5,OVER,2.16,0.6356,0.3644,2.1,1.763,18.2,-18.2,18.2,O+18.2pp,2.1,proj 2.16 goals · line 1.5 · model O/U 64/36% · O+18.2pp · high total · xG 1.2+1.7 · form 0.8/1.4 ppg · weak O/U hist,A,1.0,settled,0.0,0.0,0.0,0.0,-1.0,2026-08-24T15:18:19.299577+00:00,lose
20260822_Troyes_ParisFC|away|1.5|OVER,2026-08-21T15:36:04.717805+00:00,CONFLICT_WATCH,Ligue1,20260822_Troyes_ParisFC,2026-08-22,Sat 22 Aug 13:45,Troyes vs Paris FC,away,Paris FC,1.5,OVER,2.2,0.6454,0.3546,2.05,1.8,18.0,-18.0,18.0,O+18.0pp,2.05,proj 2.2 goals · line 1.5 · model O/U 65/35% · O+18.0pp · high total · xG —+1.9 · form —/1.8 ppg · weak O/U hist,A,1.0,settled,0.0,0.0,0.0,0.0,-1.0,2026-08-24T15:18:19.299832+00:00,lose
20260822_CharlotteFC_D.C.United|home|1.5|UNDER,2026-08-21T15:36:04.717840+00:00,CONFLICT_WATCH,MLS,20260822_CharlotteFC_D.C.United,2026-08-22,Sat 22 Aug 18:30,Charlotte FC vs D.C. United,home,Charlotte FC,1.5,UNDER,1.32,0.3802,0.6198,1.725,2.14,-17.7,17.7,17.7,U+17.7pp,2.14,proj 1.32 goals · line 1.5 · model O/U 38/62% · U+17.7pp · GF 1.8+2.0 · form 2.0/1.4 ppg,C,1.0,open,,,,,,,
20260822_Fenerbahce_Konyaspor|home|2.5|OVER,2026-08-21T15:36:04.717876+00:00,CONFLICT_WATCH,Turkey,20260822_Fenerbahce_Konyaspor,2026-08-22,Sat 22 Aug 13:30,Fenerbahce vs Konyaspor,home,Fenerbahce,2.5,OVER,3.11,0.601,0.399,2.21,1.68,17.4,-17.4,17.4,O+17.4pp,2.21,proj 3.11 goals · line 2.5 · model O/U 60/40% · O+17.4pp · high total · GF 2.2+1.4 · form 1.6/1.2 ppg · leaky def,B,1.0,open,,,,,,,
20260822_Brentford_Tottenham|home|1.5|OVER,2026-08-21T15:36:04.717914+00:00,CONFLICT_WATCH,EPL,20260822_Brentford_Tottenham,2026-08-22,Sat 22 Aug 11:30,Brentford vs Tottenham,home,Brentford,1.5,OVER,2.15,0.6331,0.3669,2.06,1.794,17.0,-17.0,17.0,O+17.0pp,2.06,proj 2.15 goals · line 1.5 · model O/U 63/37% · O+17.0pp · high total · xG 1.6+1.4 · Elo H+91 · form 1.0/1.6 ppg · leaky def,A,1.0,settled,3.0,0.0,3.0,1.0,1.06,2026-08-24T15:18:19.300112+00:00,win
20260822_Lens_Auxerre|home|1.5|OVER,2026-08-21T15:36:04.717951+00:00,CONFLICT_WATCH,Ligue1,20260822_Lens_Auxerre,2026-08-22,Sat 22 Aug 10:15,Lens vs Auxerre,home,Lens,1.5,OVER,2.88,0.7822,0.2178,1.578,2.44,16.8,-16.8,16.8,O+16.8pp,1.578,proj 2.88 goals · line 1.5 · model O/U 78/22% · O+16.8pp · high total · xG 2.0+1.1 · form 1.6/2.0 ppg · weak O/U hist,A,1.0,settled,5.0,2.0,5.0,1.0,0.578,2026-08-24T15:18:19.300239+00:00,win
20260824_Fulham_Chelsea|home|0.5|OVER,2026-08-24T15:49:07.462933+00:00,TRACK,EPL,20260824_Fulham_Chelsea,2026-08-24,Mon 24 Aug 14:00,Fulham vs Chelsea,home,Fulham,0.5,OVER,1.72,0.8209,0.1791,1.431,2.94,13.8,-13.8,13.8,O+13.8pp,1.431,proj 1.72 goals | line 0.5 | model O/U 82/18% | O+13.8pp | high total · xG 1.3+1.4 · Elo A-48 · form 1.0/0.8 ppg · leaky def,A,1.0,open,,,,,,,
20260824_Osasuna_Levante|away|0.5|OVER,2026-08-24T15:49:07.463006+00:00,TRACK,LaLiga,20260824_Osasuna_Levante,2026-08-24,Mon 24 Aug 12:30,Osasuna vs Levante,away,Levante,0.5,OVER,1.3,0.7275,0.2725,1.595,2.43,11.8,-11.8,11.8,O+11.8pp,1.595,proj 1.3 goals | line 0.5 | model O/U 73/27% | O+11.8pp | high total · xG 1.6+2.0 · form 0.6/1.8 ppg · leaky def,B,1.0,open,,,,,,,
20260824_Osasuna_Levante|home|1.5|OVER,2026-08-24T15:49:07.463062+00:00,TRACK,LaLiga,20260824_Osasuna_Levante,2026-08-24,Mon 24 Aug 12:30,Osasuna vs Levante,home,Osasuna,1.5,OVER,1.86,0.5548,0.4452,2.11,1.769,10.1,-10.1,10.1,O+10.1pp,2.11,proj 1.86 goals | line 1.5 | model O/U 55/45% | O+10.1pp | high total · xG 1.6+2.0 · form 0.6/1.8 ppg · leaky def,B,1.0,open,,,,,,,
20260824_Kocaelispor_Amedspor|home|1.5|UNDER,2026-08-24T15:49:07.463113+00:00,TRACK,Turkey,20260824_Kocaelispor_Amedspor,2026-08-24,Mon 24 Aug 13:30,Kocaelispor vs Amedspor,home,Kocaelispor,1.5,UNDER,1.02,0.2716,0.7284,2.54,1.552,-10.1,10.1,10.1,U+10.1pp,1.552,proj 1.02 goals | line 1.5 | model O/U 27/73% | U+10.1pp | low total · GF 0.5+— · form 0.4/— ppg,B,1.0,open,,,,,,,
20260824_Kocaelispor_Amedspor|away|0.5|UNDER,2026-08-24T15:49:07.463163+00:00,TRACK,Turkey,20260824_Kocaelispor_Amedspor,2026-08-24,Mon 24 Aug 13:30,Kocaelispor vs Amedspor,away,Amedspor,0.5,UNDER,0.84,0.5683,0.4317,1.472,2.79,-9.5,9.5,9.5,U+9.5pp,2.79,proj 0.84 goals | line 0.5 | model O/U 57/43% | U+9.5pp | low total · GF 0.5+— · form 0.4/— ppg,B,1.0,open,,,,,,,
20260824_Roma_Fiorentina|home|1.5|OVER,2026-08-24T15:49:07.463208+00:00,TRACK,SerieA,20260824_Roma_Fiorentina,2026-08-24,Mon 24 Aug 13:45,Roma vs Fiorentina,home,Roma,1.5,OVER,2.18,0.6405,0.3595,1.769,2.11,9.4,-9.4,9.4,O+9.4pp,1.769,proj 2.18 goals | line 1.5 | model O/U 64/36% | O+9.4pp | high total · score-adj -0.15 · xG 1.8+0.9 · Elo H+109 · form 2.6/1.2 ppg · weak ,A,1.0,open,,,,,,,
20260824_Malaga_DeportivoLaCoruna|away|0.5|UNDER,2026-08-24T15:49:07.463255+00:00,CONFLICT_WATCH,LaLiga,20260824_Malaga_DeportivoLaCoruna,2026-08-24,Mon 24 Aug 14:30,Malaga vs Deportivo La Coruna,away,Deportivo La Coruna,0.5,UNDER,0.25,0.2212,0.7788,1.448,2.87,-45.3,45.3,45.3,U+45.3pp,2.87,proj 0.25 goals | line 0.5 | model O/U 22/78% | U+45.3pp | low total · xG 0.9+1.6 · form 0.0/0.4 ppg · short rest 0d,B,1.0,open,,,,,,,
20260824_Malaga_DeportivoLaCoruna|home|1.5|UNDER,2026-08-24T15:49:07.463302+00:00,CONFLICT_WATCH,LaLiga,20260824_Malaga_DeportivoLaCoruna,2026-08-24,Mon 24 Aug 14:30,Malaga vs Deportivo La Coruna,home,Malaga,1.5,UNDER,0.73,0.1663,0.8337,2.55,1.546,-20.4,20.4,20.4,U+20.4pp,1.546,proj 0.73 goals | line 1.5 | model O/U 17/83% | U+20.4pp | low total · xG 0.9+1.6 · form 0.0/0.4 ppg · short rest 0d,B,1.0,open,,,,,,,
20260830_Cagliari_Inter|away|1.5|OVER,2026-08-29T14:02:49.396234+00:00,TRACK,SerieA,20260830_Cagliari_Inter,2026-08-30,Sun 30 Aug 18:45,Cagliari vs Inter,away,Inter,1.5,OVER,2.65,0.7421,0.2579,1.606,2.38,13.9,-13.9,13.9,O+13.9pp,1.606,proj 2.65 goals | line 1.5 | model O/U 74/26% | O+13.9pp | high total · score-adj -0.15 · xG 1.7+2.0 · Elo A-300 · form 2.0/1.8 ppg · leaky,B,1.0,open,,,,,,,
20260829_CercleBrugge_Lommel|away|0.5|OVER,2026-08-29T14:02:49.396300+00:00,TRACK,Belgium,20260829_CercleBrugge_Lommel,2026-08-29,Sat 29 Aug 18:45,Cercle Brugge vs Lommel,away,Lommel,0.5,OVER,1.64,0.806,0.194,1.457,2.84,13.6,-13.6,13.6,O+13.6pp,1.457,proj 1.64 goals | line 0.5 | model O/U 81/19% | O+13.6pp | score-adj -0.10 · GF 2.1+0.4 · form 1.0/0.5 ppg · weak O/U hist,B,1.0,open,,,,,,,
20260829_Lorient_Troyes|home|1.5|OVER,2026-08-29T14:02:49.396351+00:00,TRACK,Ligue1,20260829_Lorient_Troyes,2026-08-29,Sat 29 Aug 18:45,Lorient vs Troyes,home,Lorient,1.5,OVER,2.0,0.594,0.406,2.07,1.8,13.1,-13.1,13.1,O+13.1pp,2.07,proj 2.0 goals | line 1.5 | model O/U 59/41% | O+13.1pp | xG 1.5+0.5 · Elo H+166 · form 1.0/0.4 ppg · leaky def · weak O/U hist,A,1.0,open,,,,,,,
20260830_Feyenoord_ADODenHaag|home|2.5|OVER,2026-08-29T14:02:49.396395+00:00,TRACK,Eredivisie,20260830_Feyenoord_ADODenHaag,2026-08-30,Sun 30 Aug 12:30,Feyenoord vs ADO Den Haag,home,Feyenoord,2.5,OVER,3.93,0.7515,0.2485,1.556,2.47,13.0,-13.0,13.0,O+13.0pp,1.556,proj 3.93 goals | line 2.5 | model O/U 75/25% | O+13.0pp | high total · GF 1.6+0.9 · Elo H+326 · form 2.2/0.6 ppg · leaky def,B,1.0,open,,,,,,,
20260830_UnionSaint-Gilloise_Anderlecht|away|0.5|OVER,2026-08-29T14:02:49.396438+00:00,TRACK,Belgium,20260830_UnionSaint-Gilloise_Anderlecht,2026-08-30,Sun 30 Aug 16:30,Union Saint-Gilloise vs Anderlecht,away,Anderlecht,0.5,OVER,1.44,0.7631,0.2369,1.521,2.53,12.8,-12.8,12.8,O+12.8pp,1.521,proj 1.44 goals | line 0.5 | model O/U 76/24% | O+12.8pp | score-adj -0.10 · GF —+1.7 · Elo H—/A1593 · form —/1.6 ppg · weak O/U hist,B,1.0,open,,,,,,,
20260830_Chelsea_Brighton|away|0.5|OVER,2026-08-29T14:02:49.396480+00:00,TRACK,EPL,20260830_Chelsea_Brighton,2026-08-30,Sun 30 Aug 13:00,Chelsea vs Brighton,away,Brighton,0.5,OVER,1.6,0.7981,0.2019,1.405,3.01,10.4,-10.4,10.4,O+10.4pp,1.405,proj 1.6 goals | line 0.5 | model O/U 80/20% | O+10.4pp | high total · xG 1.3+1.6 · form 0.8/1.2 ppg · leaky def,A,1.0,open,,,,,,,
20260830_DeportivoLaCoruna_Valencia|away|0.5|OVER,2026-08-29T14:02:49.396523+00:00,TRACK,LaLiga,20260830_DeportivoLaCoruna_Valencia,2026-08-30,Sun 30 Aug 17:30,Deportivo La Coruna vs Valencia,away,Valencia,0.5,OVER,1.47,0.7701,0.2299,1.452,2.82,10.0,-10.0,10.0,O+10.0pp,1.452,proj 1.47 goals | line 0.5 | model O/U 77/23% | O+10.0pp | low total · xG 1.4+1.4 · Elo A-137 · form 0.4/2.2 ppg · short rest 3d,A,1.0,open,,,,,,,
20260830_Rennes_LeMans|home|2.5|OVER,2026-08-29T14:02:49.396566+00:00,CONFLICT_WATCH,Ligue1,20260830_Rennes_LeMans,2026-08-30,Sun 30 Aug 15:15,Rennes vs Le Mans,home,Rennes,2.5,OVER,3.75,0.7229,0.2771,2.45,1.575,33.9,-33.9,33.9,O+33.9pp,2.45,proj 3.75 goals | line 2.5 | model O/U 72/28% | O+33.9pp | high total · xG 1.6+— · Elo H+125 · form 1.4/— ppg · weak O/U hist,B,1.0,open,,,,,,,
20260829_Watford_WestHam|home|1.5|OVER,2026-08-29T14:02:49.396609+00:00,CONFLICT_WATCH,Championship,20260829_Watford_WestHam,2026-08-29,Sat 29 Aug 14:00,Watford vs West Ham,home,Watford,1.5,OVER,2.02,0.5994,0.4006,2.87,1.448,27.4,-27.4,27.4,O+27.4pp,2.87,proj 2.02 goals | line 1.5 | model O/U 60/40% | O+27.4pp | high total · GF 0.8+— · Elo A-49 · form 0.6/— ppg · weak O/U hist,C,1.0,open,,,,,,,
20260829_BorussiaDortmund_HamburgerSV|home|2.5|OVER,2026-08-29T14:02:49.396652+00:00,CONFLICT_WATCH,Bundesliga,20260829_BorussiaDortmund_HamburgerSV,2026-08-29,Sat 29 Aug 16:30,Borussia Dortmund vs Hamburger SV,home,Borussia Dortmund,2.5,OVER,3.29,0.6386,0.3614,2.26,1.68,21.6,-21.6,21.6,O+21.6pp,2.26,proj 3.29 goals | line 2.5 | model O/U 64/36% | O+21.6pp | high total · xG 2.1+1.2 · Elo H+227 · form 1.2/1.2 ppg · leaky def,A,1.0,open,,,,,,,
20260830_ManchesterUnited_Ipswich|home|2.5|OVER,2026-08-29T14:02:49.396694+00:00,CONFLICT_WATCH,EPL,20260830_ManchesterUnited_Ipswich,2026-08-30,Sun 30 Aug 15:30,Manchester United vs Ipswich,home,Manchester United,2.5,OVER,2.93,0.5609,0.4391,2.48,1.562,18.2,-18.2,18.2,O+18.2pp,2.48,proj 2.93 goals | line 2.5 | model O/U 56/44% | O+18.2pp | high total · xG 2.1+0.9 · Elo H+249 · form 2.6/0.2 ppg · leaky def,A,1.0,open,,,,,,,
20260829_Hearts_StJohnstone|home|1.5|OVER,2026-08-29T14:02:49.396737+00:00,CONFLICT_WATCH,Scotland,20260829_Hearts_StJohnstone,2026-08-29,Sat 29 Aug 14:00,Hearts vs St Johnstone,home,Hearts,1.5,OVER,2.35,0.6805,0.3195,1.8,2.07,14.4,-14.4,14.4,O+14.4pp,1.8,proj 2.35 goals | line 1.5 | model O/U 68/32% | O+14.4pp | GF 1.6+1.4 · Elo H+248 · form 1.4/1.2 ppg · leaky def,B,1.0,open,,,,,,,
20260830_Samsunspor_Fenerbahce|home|0.5|OVER,2026-08-29T14:02:49.396779+00:00,CONFLICT_WATCH,Turkey,20260830_Samsunspor_Fenerbahce,2026-08-30,Sun 30 Aug 18:30,Samsunspor vs Fenerbahce,home,Samsunspor,0.5,OVER,1.47,0.7701,0.2299,1.465,2.74,10.8,-10.8,10.8,O+10.8pp,1.465,proj 1.47 goals | line 0.5 | model O/U 77/23% | O+10.8pp | high total · GF 2.2+2.2 · Elo A-180 · form 2.0/1.4 ppg · leaky def,B,1.0,open,,,,,,,
